vogue_headline,vogue_link,event_name,event_date,event_city,event_venue
Phil Oh’s Best Street Style Photos From the Spring 2025 Shows in Milan,/slideshow/phil-ohs-best-street-style-photos-from-the-spring-2025-shows-in-milan,Indigenous Fashion Show,2024-11-02,Niagara Falls,Mezzanine inside Seneca Niagara Resort and Casino
Yay or Neigh? McQueen’s Hoof Boots Are Put to the Test,/article/mcqueen-hoof-boot-test-drive-fashion-month,Detroit Pistons v Milwaukee Bucks (Fashion Glasses Giveaway),2025-04-11,Detroit,Little Caesars Arena
Yay or Neigh? McQueen’s Hoof Boots Are Put to the Test,/article/mcqueen-hoof-boot-test-drive-fashion-month,New York City Ballet: Fall Fashion Gala,2024-10-09,New York,David H. Koch Theater
Yay or Neigh? McQueen’s Hoof Boots Are Put to the Test,/article/mcqueen-hoof-boot-test-drive-fashion-month,Runway 7 Presents New York Fashion Week,2025-02-13,New York,Sony Hall
"Please, Let Us End the Tyranny of Full Runway Looks",/article/please-let-us-end-the-tyranny-of-full-runway-looks,Indigenous Fashion Show,2024-11-02,Niagara Falls,Mezzanine inside Seneca Niagara Resort and Casino
"Please, Let Us End the Tyranny of Full Runway Looks",/article/please-let-us-end-the-tyranny-of-full-runway-looks,New York City Ballet: Fall Fashion Gala,2024-10-09,New York,David H. Koch Theater
"Please, Let Us End the Tyranny of Full Runway Looks",/article/please-let-us-end-the-tyranny-of-full-runway-looks,Runway 7 Presents New York Fashion Week,2025-02-13,New York,Sony Hall
How Officiating a Wedding Upped My Suiting Game,/article/what-to-wear-when-ordaining-a-wedding-suit-fashion,Detroit Pistons v Milwaukee Bucks (Fashion Glasses Giveaway),2025-04-11,Detroit,Little Caesars Arena
How Officiating a Wedding Upped My Suiting Game,/article/what-to-wear-when-ordaining-a-wedding-suit-fashion,Indigenous Fashion Show,2024-11-02,Niagara Falls,Mezzanine inside Seneca Niagara Resort and Casino
How Officiating a Wedding Upped My Suiting Game,/article/what-to-wear-when-ordaining-a-wedding-suit-fashion,Fresh Traditions Fashion Show -  Season 17: BLOOM,2024-10-12,Saint Paul,Saint Paul RiverCentre
How Officiating a Wedding Upped My Suiting Game,/article/what-to-wear-when-ordaining-a-wedding-suit-fashion,New York City Ballet: Fall Fashion Gala,2024-10-09,New York,David H. Koch Theater
How Officiating a Wedding Upped My Suiting Game,/article/what-to-wear-when-ordaining-a-wedding-suit-fashion,Runway 7 Presents New York Fashion Week,2025-02-13,New York,Sony Hall
It Was a Weird Shoe Summer,/slideshow/weird-shoe-summer,Detroit Pistons v Milwaukee Bucks (Fashion Glasses Giveaway),2025-04-11,Detroit,Little Caesars Arena
It Was a Weird Shoe Summer,/slideshow/weird-shoe-summer,Indigenous Fashion Show,2024-11-02,Niagara Falls,Mezzanine inside Seneca Niagara Resort and Casino
It Was a Weird Shoe Summer,/slideshow/weird-shoe-summer,Fresh Traditions Fashion Show -  Season 17: BLOOM,2024-10-12,Saint Paul,Saint Paul RiverCentre
It Was a Weird Shoe Summer,/slideshow/weird-shoe-summer,New York City Ballet: Fall Fashion Gala,2024-10-09,New York,David H. Koch Theater
It Was a Weird Shoe Summer,/slideshow/weird-shoe-summer,Runway 7 Presents New York Fashion Week,2025-02-13,New York,Sony Hall
No headline available,https://www.vogue.com/article/fall-2024-hair-trends#intcid=_vogue-verso-hp-trending_35a2dfe8-f905-4bdb-8b5f-9885281fb2fb_popular4-1,Indigenous Fashion Show,2024-11-02,Niagara Falls,Mezzanine inside Seneca Niagara Resort and Casino
No headline available,https://www.vogue.com/article/matilda-djerf-stockholm-apartment#intcid=_vogue-verso-hp-trending_35a2dfe8-f905-4bdb-8b5f-9885281fb2fb_popular4-1,Indigenous Fashion Show,2024-11-02,Niagara Falls,Mezzanine inside Seneca Niagara Resort and Casino
No headline available,https://www.vogue.com/article/the-brutalist-venice-film-festival-review#intcid=_vogue-verso-hp-trending_35a2dfe8-f905-4bdb-8b5f-9885281fb2fb_popular4-1,Indigenous Fashion Show,2024-11-02,Niagara Falls,Mezzanine inside Seneca Niagara Resort and Casino
The Best Vintage Stores in Dallas Fort Worth,/article/the-best-vintage-stores-in-dallas-fort-worth,Indigenous Fashion Show,2024-11-02,Niagara Falls,Mezzanine inside Seneca Niagara Resort and Casino
The Best Vintage Stores in Milan,/article/best-vintage-stores-in-milan,Indigenous Fashion Show,2024-11-02,Niagara Falls,Mezzanine inside Seneca Niagara Resort and Casino
The Best Vintage Stores in São Paulo,/article/best-vintage-stores-in-sao-paulo,Indigenous Fashion Show,2024-11-02,Niagara Falls,Mezzanine inside Seneca Niagara Resort and Casino
The Best Vintage Stores in Beirut,/article/best-vintage-stores-in-beirut,Indigenous Fashion Show,2024-11-02,Niagara Falls,Mezzanine inside Seneca Niagara Resort and Casino
The Best Vintage Stores in Tokyo,/article/best-vintage-stores-in-tokyo,Indigenous Fashion Show,2024-11-02,Niagara Falls,Mezzanine inside Seneca Niagara Resort and Casino
Phil Oh’s Best Street Style Photos From the Spring 2025 Shows in Paris,/slideshow/phil-ohs-best-street-style-photos-from-the-spring-2025-shows-in-paris,Indigenous Fashion Show,2024-11-02,Niagara Falls,Mezzanine inside Seneca Niagara Resort and Casino
The Best Street Style Photos From the Spring 2025 Shows in London,/slideshow/the-best-street-style-photos-from-the-spring-2025-shows-in-london,Indigenous Fashion Show,2024-11-02,Niagara Falls,Mezzanine inside Seneca Niagara Resort and Casino
Phil Oh Shoots the Best Street Style From the Spring 2025 Shows in New York,/slideshow/phil-oh-best-street-style-photos-spring-2025-new-york,Indigenous Fashion Show,2024-11-02,Niagara Falls,Mezzanine inside Seneca Niagara Resort and Casino
Phil Oh Shoots the Best Street Style From the Spring 2025 Shows in New York,/slideshow/phil-oh-best-street-style-photos-spring-2025-new-york,New York City Ballet: Fall Fashion Gala,2024-10-09,New York,David H. Koch Theater
Phil Oh Shoots the Best Street Style From the Spring 2025 Shows in New York,/slideshow/phil-oh-best-street-style-photos-spring-2025-new-york,Runway 7 Presents New York Fashion Week,2025-02-13,New York,Sony Hall
"At the 2024 Democratic National Convention, Democrats Used Pop Culture to Build a Generational Bridge",/article/democratic-party-pop-culture-2024-dnc,Detroit Pistons v Milwaukee Bucks (Fashion Glasses Giveaway),2025-04-11,Detroit,Little Caesars Arena
"At the 2024 Democratic National Convention, Democrats Used Pop Culture to Build a Generational Bridge",/article/democratic-party-pop-culture-2024-dnc,Indigenous Fashion Show,2024-11-02,Niagara Falls,Mezzanine inside Seneca Niagara Resort and Casino
"At the 2024 Democratic National Convention, Democrats Used Pop Culture to Build a Generational Bridge",/article/democratic-party-pop-culture-2024-dnc,Fresh Traditions Fashion Show -  Season 17: BLOOM,2024-10-12,Saint Paul,Saint Paul RiverCentre
"At the 2024 Democratic National Convention, Democrats Used Pop Culture to Build a Generational Bridge",/article/democratic-party-pop-culture-2024-dnc,New York City Ballet: Fall Fashion Gala,2024-10-09,New York,David H. Koch Theater
"At the 2024 Democratic National Convention, Democrats Used Pop Culture to Build a Generational Bridge",/article/democratic-party-pop-culture-2024-dnc,Runway 7 Presents New York Fashion Week,2025-02-13,New York,Sony Hall
"This Summer, It’s All About Small—but Not Tiny!—Sunglasses",/article/small-sunglasses-summer-trend-90s-2000s,New York City Ballet: Fall Fashion Gala,2024-10-09,New York,David H. Koch Theater
Soft Toys Are Everywhere At Copenhagen Fashion Week.VogueInvestigates,/article/soft-toys-are-everywhere-at-copenhagen-fashion-week-vogue-investigates,Detroit Pistons v Milwaukee Bucks (Fashion Glasses Giveaway),2025-04-11,Detroit,Little Caesars Arena
Soft Toys Are Everywhere At Copenhagen Fashion Week.VogueInvestigates,/article/soft-toys-are-everywhere-at-copenhagen-fashion-week-vogue-investigates,Indigenous Fashion Show,2024-11-02,Niagara Falls,Mezzanine inside Seneca Niagara Resort and Casino
Soft Toys Are Everywhere At Copenhagen Fashion Week.VogueInvestigates,/article/soft-toys-are-everywhere-at-copenhagen-fashion-week-vogue-investigates,Fresh Traditions Fashion Show -  Season 17: BLOOM,2024-10-12,Saint Paul,Saint Paul RiverCentre
Soft Toys Are Everywhere At Copenhagen Fashion Week.VogueInvestigates,/article/soft-toys-are-everywhere-at-copenhagen-fashion-week-vogue-investigates,New York City Ballet: Fall Fashion Gala,2024-10-09,New York,David H. Koch Theater
Soft Toys Are Everywhere At Copenhagen Fashion Week.VogueInvestigates,/article/soft-toys-are-everywhere-at-copenhagen-fashion-week-vogue-investigates,Runway 7 Presents New York Fashion Week,2025-02-13,New York,Sony Hall
Don’t Discount the Power of a Little White Sock,/article/white-crew-socks-trend-gen-z-tiktok,Detroit Pistons v Milwaukee Bucks (Fashion Glasses Giveaway),2025-04-11,Detroit,Little Caesars Arena
Don’t Discount the Power of a Little White Sock,/article/white-crew-socks-trend-gen-z-tiktok,Indigenous Fashion Show,2024-11-02,Niagara Falls,Mezzanine inside Seneca Niagara Resort and Casino
Don’t Discount the Power of a Little White Sock,/article/white-crew-socks-trend-gen-z-tiktok,Fresh Traditions Fashion Show -  Season 17: BLOOM,2024-10-12,Saint Paul,Saint Paul RiverCentre
Don’t Discount the Power of a Little White Sock,/article/white-crew-socks-trend-gen-z-tiktok,New York City Ballet: Fall Fashion Gala,2024-10-09,New York,David H. Koch Theater
Don’t Discount the Power of a Little White Sock,/article/white-crew-socks-trend-gen-z-tiktok,Runway 7 Presents New York Fashion Week,2025-02-13,New York,Sony Hall
All The Celebrities At Paris Fashion Week SS25,/slideshow/all-the-celebrities-at-paris-fashion-week-spring-2025,Detroit Pistons v Milwaukee Bucks (Fashion Glasses Giveaway),2025-04-11,Detroit,Little Caesars Arena
All The Celebrities At Paris Fashion Week SS25,/slideshow/all-the-celebrities-at-paris-fashion-week-spring-2025,Indigenous Fashion Show,2024-11-02,Niagara Falls,Mezzanine inside Seneca Niagara Resort and Casino
All The Celebrities At Paris Fashion Week SS25,/slideshow/all-the-celebrities-at-paris-fashion-week-spring-2025,Fresh Traditions Fashion Show -  Season 17: BLOOM,2024-10-12,Saint Paul,Saint Paul RiverCentre
All The Celebrities At Paris Fashion Week SS25,/slideshow/all-the-celebrities-at-paris-fashion-week-spring-2025,New York City Ballet: Fall Fashion Gala,2024-10-09,New York,David H. Koch Theater
All The Celebrities At Paris Fashion Week SS25,/slideshow/all-the-celebrities-at-paris-fashion-week-spring-2025,Runway 7 Presents New York Fashion Week,2025-02-13,New York,Sony Hall
France's Brigitte Macron Attends Her First Dior Show,/article/brigitte-macron-first-dior-show,Indigenous Fashion Show,2024-11-02,Niagara Falls,Mezzanine inside Seneca Niagara Resort and Casino
France's Brigitte Macron Attends Her First Dior Show,/article/brigitte-macron-first-dior-show,Fresh Traditions Fashion Show -  Season 17: BLOOM,2024-10-12,Saint Paul,Saint Paul RiverCentre
Kendall Jenner Means Business in Her Paris Power Suit,/article/kendall-jenner-paris-power-suit,Indigenous Fashion Show,2024-11-02,Niagara Falls,Mezzanine inside Seneca Niagara Resort and Casino
Gwyneth Paltrow Brings Her Coolest Sneakers to Paris Fashion Week,/article/gwyneth-paltrow-brings-her-coolest-sneakers-paris-fashion-week,Detroit Pistons v Milwaukee Bucks (Fashion Glasses Giveaway),2025-04-11,Detroit,Little Caesars Arena
Gwyneth Paltrow Brings Her Coolest Sneakers to Paris Fashion Week,/article/gwyneth-paltrow-brings-her-coolest-sneakers-paris-fashion-week,Indigenous Fashion Show,2024-11-02,Niagara Falls,Mezzanine inside Seneca Niagara Resort and Casino
Gwyneth Paltrow Brings Her Coolest Sneakers to Paris Fashion Week,/article/gwyneth-paltrow-brings-her-coolest-sneakers-paris-fashion-week,Fresh Traditions Fashion Show -  Season 17: BLOOM,2024-10-12,Saint Paul,Saint Paul RiverCentre
Gwyneth Paltrow Brings Her Coolest Sneakers to Paris Fashion Week,/article/gwyneth-paltrow-brings-her-coolest-sneakers-paris-fashion-week,New York City Ballet: Fall Fashion Gala,2024-10-09,New York,David H. Koch Theater
Gwyneth Paltrow Brings Her Coolest Sneakers to Paris Fashion Week,/article/gwyneth-paltrow-brings-her-coolest-sneakers-paris-fashion-week,Runway 7 Presents New York Fashion Week,2025-02-13,New York,Sony Hall
The Hottest Eyewear Brand Of Fashion Month Is Designed By This Canadian Couple,/article/fellow-earthlings-runway-sunglasses-luar-anna-sui,Detroit Pistons v Milwaukee Bucks (Fashion Glasses Giveaway),2025-04-11,Detroit,Little Caesars Arena
The Hottest Eyewear Brand Of Fashion Month Is Designed By This Canadian Couple,/article/fellow-earthlings-runway-sunglasses-luar-anna-sui,Indigenous Fashion Show,2024-11-02,Niagara Falls,Mezzanine inside Seneca Niagara Resort and Casino
The Hottest Eyewear Brand Of Fashion Month Is Designed By This Canadian Couple,/article/fellow-earthlings-runway-sunglasses-luar-anna-sui,Fresh Traditions Fashion Show -  Season 17: BLOOM,2024-10-12,Saint Paul,Saint Paul RiverCentre
The Hottest Eyewear Brand Of Fashion Month Is Designed By This Canadian Couple,/article/fellow-earthlings-runway-sunglasses-luar-anna-sui,New York City Ballet: Fall Fashion Gala,2024-10-09,New York,David H. Koch Theater
The Hottest Eyewear Brand Of Fashion Month Is Designed By This Canadian Couple,/article/fellow-earthlings-runway-sunglasses-luar-anna-sui,Runway 7 Presents New York Fashion Week,2025-02-13,New York,Sony Hall
Let The Sunshine In: Belgian Designer Julie Kegels Brings Surf Style to Paris Fashion Week,/article/let-the-sunshine-in-belgian-designer-julie-kegels-brings-surf-style-to-paris-fashion-week,Detroit Pistons v Milwaukee Bucks (Fashion Glasses Giveaway),2025-04-11,Detroit,Little Caesars Arena
Let The Sunshine In: Belgian Designer Julie Kegels Brings Surf Style to Paris Fashion Week,/article/let-the-sunshine-in-belgian-designer-julie-kegels-brings-surf-style-to-paris-fashion-week,Indigenous Fashion Show,2024-11-02,Niagara Falls,Mezzanine inside Seneca Niagara Resort and Casino
Let The Sunshine In: Belgian Designer Julie Kegels Brings Surf Style to Paris Fashion Week,/article/let-the-sunshine-in-belgian-designer-julie-kegels-brings-surf-style-to-paris-fashion-week,Fresh Traditions Fashion Show -  Season 17: BLOOM,2024-10-12,Saint Paul,Saint Paul RiverCentre
Let The Sunshine In: Belgian Designer Julie Kegels Brings Surf Style to Paris Fashion Week,/article/let-the-sunshine-in-belgian-designer-julie-kegels-brings-surf-style-to-paris-fashion-week,New York City Ballet: Fall Fashion Gala,2024-10-09,New York,David H. Koch Theater
Let The Sunshine In: Belgian Designer Julie Kegels Brings Surf Style to Paris Fashion Week,/article/let-the-sunshine-in-belgian-designer-julie-kegels-brings-surf-style-to-paris-fashion-week,Runway 7 Presents New York Fashion Week,2025-02-13,New York,Sony Hall
Sydney Sweeney Has a Spare Wig in Her Miu Miu Bag. Don’t You?,/article/in-the-bag-sydney-sweeney,Detroit Pistons v Milwaukee Bucks (Fashion Glasses Giveaway),2025-04-11,Detroit,Little Caesars Arena
Sydney Sweeney Has a Spare Wig in Her Miu Miu Bag. Don’t You?,/article/in-the-bag-sydney-sweeney,Indigenous Fashion Show,2024-11-02,Niagara Falls,Mezzanine inside Seneca Niagara Resort and Casino
Sydney Sweeney Has a Spare Wig in Her Miu Miu Bag. Don’t You?,/article/in-the-bag-sydney-sweeney,Fresh Traditions Fashion Show -  Season 17: BLOOM,2024-10-12,Saint Paul,Saint Paul RiverCentre
Sydney Sweeney Has a Spare Wig in Her Miu Miu Bag. Don’t You?,/article/in-the-bag-sydney-sweeney,New York City Ballet: Fall Fashion Gala,2024-10-09,New York,David H. Koch Theater
Sydney Sweeney Has a Spare Wig in Her Miu Miu Bag. Don’t You?,/article/in-the-bag-sydney-sweeney,Runway 7 Presents New York Fashion Week,2025-02-13,New York,Sony Hall
Bella Hadid Gives Us Her Take on Parisian Chic,/article/bella-hadid-parisian-chic-paris-fashion-week-spring-2025,Detroit Pistons v Milwaukee Bucks (Fashion Glasses Giveaway),2025-04-11,Detroit,Little Caesars Arena
Bella Hadid Gives Us Her Take on Parisian Chic,/article/bella-hadid-parisian-chic-paris-fashion-week-spring-2025,Indigenous Fashion Show,2024-11-02,Niagara Falls,Mezzanine inside Seneca Niagara Resort and Casino
Bella Hadid Gives Us Her Take on Parisian Chic,/article/bella-hadid-parisian-chic-paris-fashion-week-spring-2025,Fresh Traditions Fashion Show -  Season 17: BLOOM,2024-10-12,Saint Paul,Saint Paul RiverCentre
Bella Hadid Gives Us Her Take on Parisian Chic,/article/bella-hadid-parisian-chic-paris-fashion-week-spring-2025,New York City Ballet: Fall Fashion Gala,2024-10-09,New York,David H. Koch Theater
Bella Hadid Gives Us Her Take on Parisian Chic,/article/bella-hadid-parisian-chic-paris-fashion-week-spring-2025,Runway 7 Presents New York Fashion Week,2025-02-13,New York,Sony Hall
On the Podcast: Breaking Down a Joyful Milan Fashion Week,/article/on-the-podcast-milan-fashion-week-spring-2025,Detroit Pistons v Milwaukee Bucks (Fashion Glasses Giveaway),2025-04-11,Detroit,Little Caesars Arena
On the Podcast: Breaking Down a Joyful Milan Fashion Week,/article/on-the-podcast-milan-fashion-week-spring-2025,Indigenous Fashion Show,2024-11-02,Niagara Falls,Mezzanine inside Seneca Niagara Resort and Casino
On the Podcast: Breaking Down a Joyful Milan Fashion Week,/article/on-the-podcast-milan-fashion-week-spring-2025,Fresh Traditions Fashion Show -  Season 17: BLOOM,2024-10-12,Saint Paul,Saint Paul RiverCentre
On the Podcast: Breaking Down a Joyful Milan Fashion Week,/article/on-the-podcast-milan-fashion-week-spring-2025,New York City Ballet: Fall Fashion Gala,2024-10-09,New York,David H. Koch Theater
On the Podcast: Breaking Down a Joyful Milan Fashion Week,/article/on-the-podcast-milan-fashion-week-spring-2025,Runway 7 Presents New York Fashion Week,2025-02-13,New York,Sony Hall
Nobody Had a Better Milan Fashion Week Than Marina Abramović,/article/milan-fashion-week-marina-abramovic,Detroit Pistons v Milwaukee Bucks (Fashion Glasses Giveaway),2025-04-11,Detroit,Little Caesars Arena
Nobody Had a Better Milan Fashion Week Than Marina Abramović,/article/milan-fashion-week-marina-abramovic,Indigenous Fashion Show,2024-11-02,Niagara Falls,Mezzanine inside Seneca Niagara Resort and Casino
Nobody Had a Better Milan Fashion Week Than Marina Abramović,/article/milan-fashion-week-marina-abramovic,Fresh Traditions Fashion Show -  Season 17: BLOOM,2024-10-12,Saint Paul,Saint Paul RiverCentre
Nobody Had a Better Milan Fashion Week Than Marina Abramović,/article/milan-fashion-week-marina-abramovic,New York City Ballet: Fall Fashion Gala,2024-10-09,New York,David H. Koch Theater
Nobody Had a Better Milan Fashion Week Than Marina Abramović,/article/milan-fashion-week-marina-abramovic,Runway 7 Presents New York Fashion Week,2025-02-13,New York,Sony Hall
Why Is Every Celebrity Suddenly Wearing Tamara Ralph?,/article/tamara-ralph-celebrities-red-carpet-hollywood,Detroit Pistons v Milwaukee Bucks (Fashion Glasses Giveaway),2025-04-11,Detroit,Little Caesars Arena
Bella Hadid Has Returned to PFW In a Take-Charge Trench Coat,/article/bella-hadid-paris-fashion-week-trench,Detroit Pistons v Milwaukee Bucks (Fashion Glasses Giveaway),2025-04-11,Detroit,Little Caesars Arena
Bella Hadid Has Returned to PFW In a Take-Charge Trench Coat,/article/bella-hadid-paris-fashion-week-trench,Indigenous Fashion Show,2024-11-02,Niagara Falls,Mezzanine inside Seneca Niagara Resort and Casino
Bella Hadid Has Returned to PFW In a Take-Charge Trench Coat,/article/bella-hadid-paris-fashion-week-trench,Fresh Traditions Fashion Show -  Season 17: BLOOM,2024-10-12,Saint Paul,Saint Paul RiverCentre
Bella Hadid Has Returned to PFW In a Take-Charge Trench Coat,/article/bella-hadid-paris-fashion-week-trench,New York City Ballet: Fall Fashion Gala,2024-10-09,New York,David H. Koch Theater
Bella Hadid Has Returned to PFW In a Take-Charge Trench Coat,/article/bella-hadid-paris-fashion-week-trench,Runway 7 Presents New York Fashion Week,2025-02-13,New York,Sony Hall
“There’s This Very Audacious Thing About Him”—A Conversation Between Jean Paul Gaultier and His New Guest Designer Ludovic de Saint Sernin,/article/jean-paul-gaultier-and-ludovic-de-saint-sernin,Detroit Pistons v Milwaukee Bucks (Fashion Glasses Giveaway),2025-04-11,Detroit,Little Caesars Arena
“There’s This Very Audacious Thing About Him”—A Conversation Between Jean Paul Gaultier and His New Guest Designer Ludovic de Saint Sernin,/article/jean-paul-gaultier-and-ludovic-de-saint-sernin,New York City Ballet: Fall Fashion Gala,2024-10-09,New York,David H. Koch Theater
“There’s This Very Audacious Thing About Him”—A Conversation Between Jean Paul Gaultier and His New Guest Designer Ludovic de Saint Sernin,/article/jean-paul-gaultier-and-ludovic-de-saint-sernin,Runway 7 Presents New York Fashion Week,2025-02-13,New York,Sony Hall
Mary-Kate and Ashley Olsen Find a Home for The Row in Paris,/article/mary-kate-and-ashley-olsen-the-row-store-paris,Detroit Pistons v Milwaukee Bucks (Fashion Glasses Giveaway),2025-04-11,Detroit,Little Caesars Arena
Mary-Kate and Ashley Olsen Find a Home for The Row in Paris,/article/mary-kate-and-ashley-olsen-the-row-store-paris,Indigenous Fashion Show,2024-11-02,Niagara Falls,Mezzanine inside Seneca Niagara Resort and Casino
Mary-Kate and Ashley Olsen Find a Home for The Row in Paris,/article/mary-kate-and-ashley-olsen-the-row-store-paris,Fresh Traditions Fashion Show -  Season 17: BLOOM,2024-10-12,Saint Paul,Saint Paul RiverCentre
Mary-Kate and Ashley Olsen Find a Home for The Row in Paris,/article/mary-kate-and-ashley-olsen-the-row-store-paris,New York City Ballet: Fall Fashion Gala,2024-10-09,New York,David H. Koch Theater
Mary-Kate and Ashley Olsen Find a Home for The Row in Paris,/article/mary-kate-and-ashley-olsen-the-row-store-paris,Runway 7 Presents New York Fashion Week,2025-02-13,New York,Sony Hall
Taylor Swift and Gigi Hadid Step Out in BFF Trench Coats,/article/taylor-swift-gigi-hadid-bff-trench-coats,Indigenous Fashion Show,2024-11-02,Niagara Falls,Mezzanine inside Seneca Niagara Resort and Casino
"Zendaya’s Going-Out Looks? They’re Fresh Off the Runway, Of Course",/article/zendaya-going-out-fashion-spring-runways,Fresh Traditions Fashion Show -  Season 17: BLOOM,2024-10-12,Saint Paul,Saint Paul RiverCentre
All the Celebrities at Milan Fashion Week Spring 2025,/slideshow/milan-fashion-week-spring-2025-front-row,Detroit Pistons v Milwaukee Bucks (Fashion Glasses Giveaway),2025-04-11,Detroit,Little Caesars Arena
All the Celebrities at Milan Fashion Week Spring 2025,/slideshow/milan-fashion-week-spring-2025-front-row,Indigenous Fashion Show,2024-11-02,Niagara Falls,Mezzanine inside Seneca Niagara Resort and Casino
All the Celebrities at Milan Fashion Week Spring 2025,/slideshow/milan-fashion-week-spring-2025-front-row,Fresh Traditions Fashion Show -  Season 17: BLOOM,2024-10-12,Saint Paul,Saint Paul RiverCentre
All the Celebrities at Milan Fashion Week Spring 2025,/slideshow/milan-fashion-week-spring-2025-front-row,New York City Ballet: Fall Fashion Gala,2024-10-09,New York,David H. Koch Theater
All the Celebrities at Milan Fashion Week Spring 2025,/slideshow/milan-fashion-week-spring-2025-front-row,Runway 7 Presents New York Fashion Week,2025-02-13,New York,Sony Hall
Imane Khelif Brings a Glimmer of Gold to a Starry Bottega Veneta Front Row,/article/imane-khelif-bottega-veneta-spring-2025-front-row,Detroit Pistons v Milwaukee Bucks (Fashion Glasses Giveaway),2025-04-11,Detroit,Little Caesars Arena
Imane Khelif Brings a Glimmer of Gold to a Starry Bottega Veneta Front Row,/article/imane-khelif-bottega-veneta-spring-2025-front-row,Indigenous Fashion Show,2024-11-02,Niagara Falls,Mezzanine inside Seneca Niagara Resort and Casino
Imane Khelif Brings a Glimmer of Gold to a Starry Bottega Veneta Front Row,/article/imane-khelif-bottega-veneta-spring-2025-front-row,Fresh Traditions Fashion Show -  Season 17: BLOOM,2024-10-12,Saint Paul,Saint Paul RiverCentre
Imane Khelif Brings a Glimmer of Gold to a Starry Bottega Veneta Front Row,/article/imane-khelif-bottega-veneta-spring-2025-front-row,New York City Ballet: Fall Fashion Gala,2024-10-09,New York,David H. Koch Theater
Imane Khelif Brings a Glimmer of Gold to a Starry Bottega Veneta Front Row,/article/imane-khelif-bottega-veneta-spring-2025-front-row,Runway 7 Presents New York Fashion Week,2025-02-13,New York,Sony Hall
Amelia Gray Is Turning Fashion Month Into Her Personal Runway,/slideshow/amelia-gray-spring-2025-model-off-duty-style,Detroit Pistons v Milwaukee Bucks (Fashion Glasses Giveaway),2025-04-11,Detroit,Little Caesars Arena
Amelia Gray Is Turning Fashion Month Into Her Personal Runway,/slideshow/amelia-gray-spring-2025-model-off-duty-style,Indigenous Fashion Show,2024-11-02,Niagara Falls,Mezzanine inside Seneca Niagara Resort and Casino
Amelia Gray Is Turning Fashion Month Into Her Personal Runway,/slideshow/amelia-gray-spring-2025-model-off-duty-style,Fresh Traditions Fashion Show -  Season 17: BLOOM,2024-10-12,Saint Paul,Saint Paul RiverCentre
Amelia Gray Is Turning Fashion Month Into Her Personal Runway,/slideshow/amelia-gray-spring-2025-model-off-duty-style,New York City Ballet: Fall Fashion Gala,2024-10-09,New York,David H. Koch Theater
Amelia Gray Is Turning Fashion Month Into Her Personal Runway,/slideshow/amelia-gray-spring-2025-model-off-duty-style,Runway 7 Presents New York Fashion Week,2025-02-13,New York,Sony Hall
